Id,AlbumId,Url,Caption,TakenAt
1,10,~/uploads/thumbnail/175201516383logo2.png,NULL,NULL
2,10,~/uploads/thumbnail/186201594443Logo dòng h?.png,NULL,NULL
3,10,~/uploads/thumbnail/186201594453mau 3A.png,NULL,NULL
4,10,~/uploads/thumbnail/186201594455mau 3B.png,NULL,NULL
5,10,~/uploads/thumbnail/186201594455Mau 2B.png,NULL,NULL
6,10,~/uploads/thumbnail/186201594456Mau 2A.png,NULL,NULL
7,10,~/uploads/thumbnail/1862015105459mau 1B.2.png,NULL,NULL
8,10,~/uploads/thumbnail/1862015105459Mau 1A.1.png,NULL,NULL
9,10,~/uploads/thumbnail/25920151694cán b?.png,NULL,NULL
10,10,~/uploads/thumbnail/259201516910m?ng th?.png,NULL,NULL
11,10,~/uploads/thumbnail/23201620453ch? ký chi?n 2.png,NULL,NULL
12,10,~/uploads/thumbnail/23201620454logo dòng h?.png,NULL,NULL
13,10,~/uploads/thumbnail/5320168485logo dòng h?.png,NULL,NULL
14,10,~/uploads/thumbnail/259201516730m?ng th?.png,NULL,NULL
15,10,~/uploads/thumbnail/259201516731cán b?.png,NULL,NULL
16,9,~/uploads/thumbnail/115201518280IMG_1645.JPG,NULL,NULL
17,9,~/uploads/thumbnail/1152015182813IMG_1656.JPG,NULL,NULL
18,9,~/uploads/thumbnail/1152015182856IMG_1657.JPG,NULL,NULL
19,9,~/uploads/thumbnail/1152015182914IMG_0056.JPG,NULL,NULL
20,9,~/uploads/thumbnail/1152015182934IMG_1642.JPG,NULL,NULL
21,9,~/uploads/thumbnail/1152015183231IMG_0059.JPG,NULL,NULL
22,9,~/uploads/thumbnail/1152015183317IMG_0058.JPG,NULL,NULL
23,9,~/uploads/thumbnail/1152015183418IMG_1638.JPG,NULL,NULL
24,9,~/uploads/thumbnail/1152015183424IMG_1636.JPG,NULL,NULL
25,9,~/uploads/thumbnail/1152015183540IMG_1643.JPG,NULL,NULL
26,9,~/uploads/thumbnail/1152015183750IMG_1641.JPG,NULL,NULL
27,9,~/uploads/thumbnail/1152015183829IMG_1650.JPG,NULL,NULL
28,9,~/uploads/thumbnail/1152015183911IMG_1658.JPG,NULL,NULL
29,9,~/uploads/thumbnail/1152015184013IMG_1644.JPG,NULL,NULL
30,9,~/uploads/thumbnail/115201518425IMG_0055.JPG,NULL,NULL
31,9,~/uploads/thumbnail/1152015184237IMG_1640.JPG,NULL,NULL
32,9,~/uploads/thumbnail/1152015184528IMG_1652.JPG,NULL,NULL
33,9,~/uploads/thumbnail/1152015184636IMG_0057.JPG,NULL,NULL
34,9,~/uploads/thumbnail/1152015184654IMG_1639.JPG,NULL,NULL
35,9,~/uploads/thumbnail/1152015184726IMG_1637.JPG,NULL,NULL
36,9,~/uploads/thumbnail/1152015184731IMG_1655.JPG,NULL,NULL
37,11,~/uploads/thumbnail/10520151528181800.jpg,NULL,NULL
38,11,~/uploads/thumbnail/1052015155211images.jpg,NULL,NULL
39,11,~/uploads/thumbnail/10520151552112003.JPG,NULL,NULL
40,11,~/uploads/thumbnail/10520151554442006.JPG,NULL,NULL
41,11,~/uploads/thumbnail/10520151554461860.jpg,NULL,NULL
42,11,~/uploads/thumbnail/10520151554571963.JPG,NULL,NULL
43,11,~/uploads/thumbnail/10520151557382004.jpg,NULL,NULL
44,11,~/uploads/thumbnail/105201516334images.jpg,NULL,NULL
45,11,~/uploads/thumbnail/105201516367anh lang que.jpg,NULL,NULL
46,1,~/uploads/thumbnail/105201517214IMG_6960.jpg,NULL,NULL
47,1,~/uploads/thumbnail/10520151724117.jpg,NULL,NULL
48,1,~/uploads/thumbnail/10520151724810.jpg,NULL,NULL
49,1,~/uploads/thumbnail/105201517309.jpg,NULL,NULL
50,1,~/uploads/thumbnail/105201517326IMG_6897.jpg,NULL,NULL
51,1,~/uploads/thumbnail/105201517514IMG_6995.jpg,NULL,NULL
52,1,~/uploads/thumbnail/105201517944IMG_7003.jpg,NULL,NULL
53,1,~/uploads/thumbnail/1052015171023IMG_6973.jpg,NULL,NULL
54,1,~/uploads/thumbnail/1052015171027IMG_6903.jpg,NULL,NULL
55,1,~/uploads/thumbnail/1052015171039IMG_6908.jpg,NULL,NULL
56,1,~/uploads/thumbnail/10520151711178.jpg,NULL,NULL
57,1,~/uploads/thumbnail/1052015171411IMG_6981.jpg,NULL,NULL
58,1,~/uploads/thumbnail/1052015171749IMG_6986.jpg,NULL,NULL
59,1,~/uploads/thumbnail/105201517186IMG_6938.jpg,NULL,NULL
60,1,~/uploads/thumbnail/1052015171922IMG_6925.jpg,NULL,NULL
61,1,~/uploads/thumbnail/1052015171935IMG_6954.jpg,NULL,NULL
62,1,~/uploads/thumbnail/1052015171949IMG_6998.jpg,NULL,NULL
63,1,~/uploads/thumbnail/1052015172146IMG_6971.jpg,NULL,NULL
64,1,~/uploads/thumbnail/1052015172422IMG_6899.jpg,NULL,NULL
65,1,~/uploads/thumbnail/1052015172648IMG_6958.jpg,NULL,NULL
66,1,~/uploads/thumbnail/1052015172721IMG_7032.jpg,NULL,NULL
67,1,~/uploads/thumbnail/1052015172755IMG_6896.jpg,NULL,NULL
68,1,~/uploads/thumbnail/1052015172948IMG_6907.jpg,NULL,NULL
69,1,~/uploads/thumbnail/1052015173225IMG_7013.jpg,NULL,NULL
70,1,~/uploads/thumbnail/1052015173457IMG_7023.jpg,NULL,NULL
71,1,~/uploads/thumbnail/1052015173747IMG_7002.jpg,NULL,NULL
72,1,~/uploads/thumbnail/1052015173757IMG_6942.jpg,NULL,NULL
73,1,~/uploads/thumbnail/1052015173839IMG_6924.jpg,NULL,NULL
74,1,~/uploads/thumbnail/1052015173933IMG_6905.jpg,NULL,NULL
75,1,~/uploads/thumbnail/1052015174035IMG_7010.jpg,NULL,NULL
76,1,~/uploads/thumbnail/1052015174036IMG_7029.jpg,NULL,NULL
77,1,~/uploads/thumbnail/10520151557562009.jpg,NULL,NULL
78,1,~/uploads/thumbnail/105201521556IMG_6924.jpg,NULL,NULL
79,1,~/uploads/thumbnail/10520151523193.jpg,NULL,NULL
80,2,~/uploads/thumbnail/105201521557IMG_0411.JPG,NULL,NULL
81,2,~/uploads/thumbnail/1052015215530IMG_0404.JPG,NULL,NULL
82,2,~/uploads/thumbnail/1052015215612IMG_0387.JPG,NULL,NULL
83,2,~/uploads/thumbnail/1052015215735IMG_0399.JPG,NULL,NULL
84,2,~/uploads/thumbnail/1052015215822IMG_0337.JPG,NULL,NULL
85,2,~/uploads/thumbnail/1052015215823IMG_0324.JPG,NULL,NULL
86,2,~/uploads/thumbnail/1052015215829IMG_0382.JPG,NULL,NULL
87,2,~/uploads/thumbnail/1052015215938IMG_0358.JPG,NULL,NULL
88,2,~/uploads/thumbnail/105201522027IMG_0401.JPG,NULL,NULL
89,2,~/uploads/thumbnail/1052015213725IMG_0403.JPG,NULL,NULL
90,2,~/uploads/thumbnail/1052015213813IMG_0345.JPG,NULL,NULL
91,2,~/uploads/thumbnail/1052015213822IMG_0349.JPG,NULL,NULL
92,2,~/uploads/thumbnail/1052015213826IMG_0334.JPG,NULL,NULL
93,2,~/uploads/thumbnail/1052015213827IMG_0380.JPG,NULL,NULL
94,2,~/uploads/thumbnail/105201521390IMG_0328.JPG,NULL,NULL
95,2,~/uploads/thumbnail/1052015213941IMG_0412.JPG,NULL,NULL
96,2,~/uploads/thumbnail/105201521418IMG_0420.JPG,NULL,NULL
97,2,~/uploads/thumbnail/1052015214125IMG_0395.JPG,NULL,NULL
98,2,~/uploads/thumbnail/1052015214134IMG_0422.JPG,NULL,NULL
99,2,~/uploads/thumbnail/1052015214145IMG_0369.JPG,NULL,NULL
100,2,~/uploads/thumbnail/105201521421IMG_0343.JPG,NULL,NULL
101,2,~/uploads/thumbnail/1052015214324IMG_0348.JPG,NULL,NULL
102,2,~/uploads/thumbnail/1052015214411IMG_0419.JPG,NULL,NULL
103,2,~/uploads/thumbnail/105201521455IMG_0329.JPG,NULL,NULL
104,2,~/uploads/thumbnail/1052015214514IMG_0327.JPG,NULL,NULL
105,2,~/uploads/thumbnail/1052015214525IMG_0376.JPG,NULL,NULL
106,2,~/uploads/thumbnail/1052015214558IMG_0430.JPG,NULL,NULL
107,2,~/uploads/thumbnail/105201521463IMG_0383.JPG,NULL,NULL
108,2,~/uploads/thumbnail/1052015214717IMG_0398.JPG,NULL,NULL
109,2,~/uploads/thumbnail/1052015214726IMG_0392.JPG,NULL,NULL
110,2,~/uploads/thumbnail/105201521482IMG_0379.JPG,NULL,NULL
111,2,~/uploads/thumbnail/1052015214941IMG_0390.JPG,NULL,NULL
112,2,~/uploads/thumbnail/1052015214941IMG_0341.JPG,NULL,NULL
113,2,~/uploads/thumbnail/1052015215024IMG_0414.JPG,NULL,NULL
114,2,~/uploads/thumbnail/1052015215213IMG_0406.JPG,NULL,NULL
115,2,~/uploads/thumbnail/105201521537IMG_0370.JPG,NULL,NULL
116,2,~/uploads/thumbnail/1052015215314IMG_0330.JPG,NULL,NULL
117,2,~/uploads/thumbnail/105201521553IMG_0344.JPG,NULL,NULL
118,3,~/uploads/thumbnail/1252015101233IMG_2953.JPG,NULL,NULL
119,3,~/uploads/thumbnail/125201510131IMG_2859.JPG,NULL,NULL
120,3,~/uploads/thumbnail/1252015101310IMG_2896.JPG,NULL,NULL
121,3,~/uploads/thumbnail/1252015101328IMG_2868.JPG,NULL,NULL
122,3,~/uploads/thumbnail/1252015101512IMG_0896.JPG,NULL,NULL
123,3,~/uploads/thumbnail/1252015101516IMG_2882.JPG,NULL,NULL
124,3,~/uploads/thumbnail/1252015101542IMG_2870.JPG,NULL,NULL
125,3,~/uploads/thumbnail/125201510165IMG_2867.JPG,NULL,NULL
126,3,~/uploads/thumbnail/1252015101651IMG_2913.JPG,NULL,NULL
127,3,~/uploads/thumbnail/1252015101658IMG_2872.JPG,NULL,NULL
128,3,~/uploads/thumbnail/1252015101847IMG_2884.JPG,NULL,NULL
129,3,~/uploads/thumbnail/1252015101921IMG_2847.JPG,NULL,NULL
130,3,~/uploads/thumbnail/1252015101930IMG_2974.JPG,NULL,NULL
131,3,~/uploads/thumbnail/1252015102022IMG_2851.JPG,NULL,NULL
132,3,~/uploads/thumbnail/1252015102049IMG_0894.JPG,NULL,NULL
133,3,~/uploads/thumbnail/1252015102136IMG_2835.JPG,NULL,NULL
134,3,~/uploads/thumbnail/1252015102233IMG_2875.JPG,NULL,NULL
135,3,~/uploads/thumbnail/1252015102244IMG_2890.JPG,NULL,NULL
136,3,~/uploads/thumbnail/1252015102343IMG_2905.JPG,NULL,NULL
137,3,~/uploads/thumbnail/1252015102427IMG_2856.JPG,NULL,NULL
138,3,~/uploads/thumbnail/1252015102442IMG_0895.JPG,NULL,NULL
139,3,~/uploads/thumbnail/1252015102633IMG_2969.JPG,NULL,NULL
140,3,~/uploads/thumbnail/1252015102643IMG_2879.JPG,NULL,NULL
141,3,~/uploads/thumbnail/1252015102648IMG_2841.JPG,NULL,NULL
142,3,~/uploads/thumbnail/1252015102717IMG_2864.JPG,NULL,NULL
143,3,~/uploads/thumbnail/1252015102732IMG_2858.JPG,NULL,NULL
144,3,~/uploads/thumbnail/125201510290IMG_2943.JPG,NULL,NULL
145,3,~/uploads/thumbnail/1252015102923IMG_2954.JPG,NULL,NULL
146,3,~/uploads/thumbnail/1252015102929IMG_2838.JPG,NULL,NULL
147,3,~/uploads/thumbnail/1252015102938IMG_2907.JPG,NULL,NULL
148,3,~/uploads/thumbnail/1252015102959IMG_2848.JPG,NULL,NULL
149,3,~/uploads/thumbnail/1252015103050IMG_2941.JPG,NULL,NULL
150,3,~/uploads/thumbnail/125201510320IMG_2945.JPG,NULL,NULL
151,3,~/uploads/thumbnail/1252015103210IMG_2863.JPG,NULL,NULL
152,3,~/uploads/thumbnail/1252015103248IMG_2843.JPG,NULL,NULL
153,3,~/uploads/thumbnail/1252015103321IMG_2888.JPG,NULL,NULL
154,3,~/uploads/thumbnail/1252015103413IMG_2958.JPG,NULL,NULL
155,3,~/uploads/thumbnail/1252015103537IMG_2910.JPG,NULL,NULL
156,3,~/uploads/thumbnail/1252015103537IMG_2883.JPG,NULL,NULL
157,3,~/uploads/thumbnail/1252015103538IMG_2881.JPG,NULL,NULL
158,3,~/uploads/thumbnail/1252015103538IMG_2967.JPG,NULL,NULL
159,3,~/uploads/thumbnail/1252015103622IMG_2946.JPG,NULL,NULL
160,3,~/uploads/thumbnail/1252015103714IMG_2901.JPG,NULL,NULL
161,3,~/uploads/thumbnail/1252015103736IMG_2902.JPG,NULL,NULL
162,3,~/uploads/thumbnail/125201510380IMG_2852.JPG,NULL,NULL
163,3,~/uploads/thumbnail/1252015103818IMG_2973.JPG,NULL,NULL
164,3,~/uploads/thumbnail/1252015103923IMG_2898.JPG,NULL,NULL
165,3,~/uploads/thumbnail/125201510408IMG_2947.JPG,NULL,NULL
166,3,~/uploads/thumbnail/1252015104033IMG_2860.JPG,NULL,NULL
167,3,~/uploads/thumbnail/125201510417IMG_2845.JPG,NULL,NULL
168,3,~/uploads/thumbnail/1252015104120IMG_2912.JPG,NULL,NULL
169,3,~/uploads/thumbnail/1252015104214IMG_2857.JPG,NULL,NULL
170,3,~/uploads/thumbnail/1252015104221IMG_2878.JPG,NULL,NULL
171,3,~/uploads/thumbnail/1252015104227IMG_2925.JPG,NULL,NULL
172,3,~/uploads/thumbnail/1252015104358IMG_2968.JPG,NULL,NULL
173,3,~/uploads/thumbnail/125201510449IMG_2849.JPG,NULL,NULL
174,3,~/uploads/thumbnail/125201510451IMG_2885.JPG,NULL,NULL
175,3,~/uploads/thumbnail/125201510456IMG_2935.JPG,NULL,NULL
176,3,~/uploads/thumbnail/1252015104517IMG_2897.JPG,NULL,NULL
177,3,~/uploads/thumbnail/1252015104520IMG_2874.JPG,NULL,NULL
178,3,~/uploads/thumbnail/1252015104633IMG_2970.JPG,NULL,NULL
179,3,~/uploads/thumbnail/1252015104650IMG_2972.JPG,NULL,NULL
180,3,~/uploads/thumbnail/1252015104658IMG_2961.JPG,NULL,NULL
181,3,~/uploads/thumbnail/125201510481IMG_2976.JPG,NULL,NULL
182,12,~/uploads/thumbnail/135201592135song lo.jpg,NULL,NULL
183,12,~/uploads/thumbnail/135201592135vinh quy.jpg,NULL,NULL
184,12,~/uploads/thumbnail/135201592135con giong.jpg,NULL,NULL
185,12,~/uploads/thumbnail/135201592136images (10).jpg,NULL,NULL
186,12,~/uploads/thumbnail/135201592136images (6).jpg,NULL,NULL
187,12,~/uploads/thumbnail/135201592136cay nhoi.jpg,NULL,NULL
188,12,~/uploads/thumbnail/135201592136images (2).jpg,NULL,NULL
189,12,~/uploads/thumbnail/135201592136cot co lung cu.jpg,NULL,NULL
190,12,~/uploads/thumbnail/135201592137images (8).jpg,NULL,NULL
191,12,~/uploads/thumbnail/135201592137khong ngu.jpg,NULL,NULL
192,12,~/uploads/thumbnail/135201592137images (5).jpg,NULL,NULL
193,12,~/uploads/thumbnail/135201592137cong troi.jpg,NULL,NULL
194,12,~/uploads/thumbnail/135201592137nga ba dong loc.jpg,NULL,NULL
195,12,~/uploads/thumbnail/135201592137xuan tren da.jpg,NULL,NULL
196,12,~/uploads/thumbnail/135201592138images (9).jpg,NULL,NULL
197,12,~/uploads/thumbnail/135201592138mua ngau.jpg,NULL,NULL
198,12,~/uploads/thumbnail/135201592138t?i xu?ng.jpg,NULL,NULL
199,12,~/uploads/thumbnail/135201592139t?i xu?ng (1).jpg,NULL,NULL
200,12,~/uploads/thumbnail/135201592139images (11).jpg,NULL,NULL
201,12,~/uploads/thumbnail/135201592139images (4).jpg,NULL,NULL
202,12,~/uploads/thumbnail/135201592139cao nguyen da.jpg,NULL,NULL
203,12,~/uploads/thumbnail/135201592139xuong cho.jpg,NULL,NULL
204,12,~/uploads/thumbnail/135201592139co ng troi 2.jpg,NULL,NULL
205,12,~/uploads/thumbnail/135201592139images.jpg,NULL,NULL
206,12,~/uploads/thumbnail/135201592140images (1).jpg,NULL,NULL
207,12,~/uploads/thumbnail/135201592140ving qui2.jpg,NULL,NULL
208,12,~/uploads/thumbnail/135201592140images (3).jpg,NULL,NULL
209,7,~/uploads/thumbnail/135201515554qui dinh khuyen hoc.jpg,NULL,NULL
210,7,~/uploads/thumbnail/135201515555khuyen hoc2.jpg,NULL,NULL
211,7,~/uploads/thumbnail/135201515555qui dinh khuen hoc.jpg,NULL,NULL
212,7,~/uploads/thumbnail/79201515383220150906_104903_resized_1.jpg,NULL,NULL
213,7,~/uploads/thumbnail/79201515461820150906_102856_resized (1).jpg,NULL,NULL
214,7,~/uploads/thumbnail/79201515465720150906_104538-1_resized.jpg,NULL,NULL
215,7,~/uploads/thumbnail/79201515465820150906_103545_resized.jpg,NULL,NULL
216,7,~/uploads/thumbnail/79201515483620150906_103051_resized_1.jpg,NULL,NULL
217,7,~/uploads/thumbnail/79201515531820150906_103107_resized_1.jpg,NULL,NULL
218,7,~/uploads/thumbnail/79201515572820150906_104453_resized.jpg,NULL,NULL
219,7,~/uploads/thumbnail/79201515591720150906_103542_resized.jpg,NULL,NULL
220,7,~/uploads/thumbnail/792015205645IMG_20150906_080649.jpg,NULL,NULL
221,7,~/uploads/thumbnail/792015205750IMG_20150906_080811.jpg,NULL,NULL
222,7,~/uploads/thumbnail/792015205845IMG_20150906_080946.jpg,NULL,NULL
223,7,~/uploads/thumbnail/79201521018IMG_20150906_081111.jpg,NULL,NULL
224,7,~/uploads/thumbnail/79201521113IMG_20150906_104231.jpg,NULL,NULL
225,7,~/uploads/thumbnail/79201521220IMG_20150906_111053.jpg,NULL,NULL
226,7,~/uploads/thumbnail/79201521316IMG_20150906_111546.jpg,NULL,NULL
227,7,~/uploads/thumbnail/79201521426IMG_20150906_111557.jpg,NULL,NULL
228,7,~/uploads/thumbnail/792015213153WP_20150906_023.jpg,NULL,NULL
229,7,~/uploads/thumbnail/792015213224WP_20150906_028.jpg,NULL,NULL
230,7,~/uploads/thumbnail/8920151045520150906_103107_resized_1.jpg,NULL,NULL
231,7,~/uploads/thumbnail/89201510451120150906_103043_resized.jpg,NULL,NULL
232,7,~/uploads/thumbnail/89201510451620150906_103051_resized_1.jpg,NULL,NULL
233,4,~/uploads/thumbnail/3082016102735FH4A5230.JPG,NULL,NULL
234,4,~/uploads/thumbnail/3082016103652FH4A5161.JPG,NULL,NULL
235,4,~/uploads/thumbnail/3082016103653FH4A5243.JPG,NULL,NULL
236,4,~/uploads/thumbnail/3082016102737FH4A5105.JPG,NULL,NULL
237,4,~/uploads/thumbnail/3082016102747FH4A5062.JPG,NULL,NULL
238,4,~/uploads/thumbnail/3082016102747FH4A5335.JPG,NULL,NULL
239,4,~/uploads/thumbnail/3082016102752FH4A4997.JPG,NULL,NULL
240,4,~/uploads/thumbnail/3082016102753FH4A5011.JPG,NULL,NULL
241,4,~/uploads/thumbnail/3082016102758FH4A4964.JPG,NULL,NULL
242,4,~/uploads/thumbnail/308201610289FH4A5159.JPG,NULL,NULL
243,4,~/uploads/thumbnail/3082016102815FH4A5056.JPG,NULL,NULL
244,4,~/uploads/thumbnail/3082016102815FH4A4985.JPG,NULL,NULL
245,4,~/uploads/thumbnail/3082016102822FH4A5291.JPG,NULL,NULL
246,4,~/uploads/thumbnail/3082016102824FH4A5186.JPG,NULL,NULL
247,4,~/uploads/thumbnail/3082016102834FH4A5293.JPG,NULL,NULL
248,4,~/uploads/thumbnail/3082016102839FH4A5181.JPG,NULL,NULL
249,4,~/uploads/thumbnail/3082016102842FH4A5185.JPG,NULL,NULL
250,4,~/uploads/thumbnail/3082016102848FH4A5252.JPG,NULL,NULL
251,4,~/uploads/thumbnail/3082016102849FH4A4913.JPG,NULL,NULL
252,4,~/uploads/thumbnail/3082016102855FH4A5195.JPG,NULL,NULL
253,4,~/uploads/thumbnail/3082016102856FH4A5032.JPG,NULL,NULL
254,4,~/uploads/thumbnail/3082016102910FH4A5302.JPG,NULL,NULL
255,4,~/uploads/thumbnail/3082016102911FH4A5206.JPG,NULL,NULL
256,4,~/uploads/thumbnail/3082016102919FH4A4892.JPG,NULL,NULL
257,4,~/uploads/thumbnail/3082016102920FH4A5177.JPG,NULL,NULL
258,4,~/uploads/thumbnail/3082016102923FH4A5402.JPG,NULL,NULL
259,4,~/uploads/thumbnail/3082016102925FH4A4887.JPG,NULL,NULL
260,4,~/uploads/thumbnail/3082016102937FH4A5300.JPG,NULL,NULL
261,4,~/uploads/thumbnail/3082016102940FH4A4974.JPG,NULL,NULL
262,4,~/uploads/thumbnail/3082016102944FH4A5026.JPG,NULL,NULL
263,4,~/uploads/thumbnail/3082016102946FH4A5265.JPG,NULL,NULL
264,4,~/uploads/thumbnail/3082016102952FH4A5162.JPG,NULL,NULL
265,4,~/uploads/thumbnail/3082016102956FH4A5329.JPG,NULL,NULL
266,4,~/uploads/thumbnail/308201610308FH4A5280.JPG,NULL,NULL
267,4,~/uploads/thumbnail/3082016103015FH4A5057.JPG,NULL,NULL
268,4,~/uploads/thumbnail/3082016103017FH4A5319.JPG,NULL,NULL
269,4,~/uploads/thumbnail/3082016103020FH4A5322.JPG,NULL,NULL
270,4,~/uploads/thumbnail/3082016103024FH4A5087.JPG,NULL,NULL
271,4,~/uploads/thumbnail/3082016103027FH4A5169.JPG,NULL,NULL
272,4,~/uploads/thumbnail/3082016103030FH4A5139.JPG,NULL,NULL
273,4,~/uploads/thumbnail/3082016103044FH4A5306.JPG,NULL,NULL
274,4,~/uploads/thumbnail/3082016103046FH4A5171.JPG,NULL,NULL
275,4,~/uploads/thumbnail/3082016103047FH4A5142.JPG,NULL,NULL
276,4,~/uploads/thumbnail/3082016103057FH4A5377.JPG,NULL,NULL
277,4,~/uploads/thumbnail/3082016103059FH4A5197.JPG,NULL,NULL
278,4,~/uploads/thumbnail/3082016103110FH4A5000.JPG,NULL,NULL
279,4,~/uploads/thumbnail/3082016103110FH4A5031.JPG,NULL,NULL
280,4,~/uploads/thumbnail/3082016103116FH4A5136.JPG,NULL,NULL
281,4,~/uploads/thumbnail/3082016103118FH4A5030.JPG,NULL,NULL
282,4,~/uploads/thumbnail/3082016103124FH4A5153.JPG,NULL,NULL
283,4,~/uploads/thumbnail/3082016103129FH4A5398.JPG,NULL,NULL
284,4,~/uploads/thumbnail/3082016103136FH4A5174.JPG,NULL,NULL
285,4,~/uploads/thumbnail/3082016103138FH4A5009.JPG,NULL,NULL
286,4,~/uploads/thumbnail/3082016103145FH4A5258.JPG,NULL,NULL
287,4,~/uploads/thumbnail/3082016103151FH4A4959.JPG,NULL,NULL
288,4,~/uploads/thumbnail/3082016103153FH4A5134.JPG,NULL,NULL
289,4,~/uploads/thumbnail/3082016103157FH4A5163.JPG,NULL,NULL
290,4,~/uploads/thumbnail/3082016103157FH4A5029.JPG,NULL,NULL
291,4,~/uploads/thumbnail/308201610326FH4A5052.JPG,NULL,NULL
292,4,~/uploads/thumbnail/3082016103214FH4A5262.JPG,NULL,NULL
293,4,~/uploads/thumbnail/3082016103218FH4A5355.JPG,NULL,NULL
294,4,~/uploads/thumbnail/3082016103224FH4A5236.JPG,NULL,NULL
295,4,~/uploads/thumbnail/3082016103225FH4A5071.JPG,NULL,NULL
296,4,~/uploads/thumbnail/3082016103226FH4A5256.JPG,NULL,NULL
297,4,~/uploads/thumbnail/3082016103240FH4A5058.JPG,NULL,NULL
298,4,~/uploads/thumbnail/3082016103241FH4A4899.JPG,NULL,NULL
299,4,~/uploads/thumbnail/3082016103246FH4A5158.JPG,NULL,NULL
300,4,~/uploads/thumbnail/3082016103247FH4A4992.JPG,NULL,NULL
301,4,~/uploads/thumbnail/3082016103253FH4A5238.JPG,NULL,NULL
302,4,~/uploads/thumbnail/3082016103258FH4A5129.JPG,NULL,NULL
303,4,~/uploads/thumbnail/308201610339FH4A5028.JPG,NULL,NULL
304,4,~/uploads/thumbnail/3082016103310FH4A4905.JPG,NULL,NULL
305,4,~/uploads/thumbnail/3082016103310FH4A5241.JPG,NULL,NULL
306,4,~/uploads/thumbnail/3082016103315FH4A5294.JPG,NULL,NULL
307,4,~/uploads/thumbnail/3082016103328FH4A5199.JPG,NULL,NULL
308,4,~/uploads/thumbnail/3082016103329FH4A5358.JPG,NULL,NULL
309,4,~/uploads/thumbnail/3082016103339FH4A5350.JPG,NULL,NULL
310,4,~/uploads/thumbnail/3082016103340FH4A5234.JPG,NULL,NULL
311,4,~/uploads/thumbnail/3082016103341FH4A5248.JPG,NULL,NULL
312,4,~/uploads/thumbnail/3082016103348FH4A5126.JPG,NULL,NULL
313,4,~/uploads/thumbnail/3082016103355FH4A5311.JPG,NULL,NULL
314,4,~/uploads/thumbnail/3082016103356FH4A5228.JPG,NULL,NULL
315,4,~/uploads/thumbnail/308201610343FH4A5027.JPG,NULL,NULL
316,4,~/uploads/thumbnail/3082016103411FH4A5207.JPG,NULL,NULL
317,4,~/uploads/thumbnail/3082016103413FH4A5403.JPG,NULL,NULL
318,4,~/uploads/thumbnail/3082016103419FH4A5250.JPG,NULL,NULL
319,4,~/uploads/thumbnail/3082016103429FH4A4953.JPG,NULL,NULL
320,4,~/uploads/thumbnail/3082016103432FH4A4938.JPG,NULL,NULL
321,4,~/uploads/thumbnail/3082016103441FH4A4978.JPG,NULL,NULL
322,4,~/uploads/thumbnail/3082016103443FH4A5233.JPG,NULL,NULL
323,4,~/uploads/thumbnail/3082016103444FH4A4893.JPG,NULL,NULL
324,4,~/uploads/thumbnail/3082016103451FH4A5148.JPG,NULL,NULL
325,4,~/uploads/thumbnail/3082016103454FH4A4965.JPG,NULL,NULL
326,4,~/uploads/thumbnail/3082016103459FH4A5091.JPG,NULL,NULL
327,4,~/uploads/thumbnail/308201610352FH4A4943.JPG,NULL,NULL
328,4,~/uploads/thumbnail/3082016103516FH4A5251.JPG,NULL,NULL
329,4,~/uploads/thumbnail/3082016103519FH4A5103.JPG,NULL,NULL
330,4,~/uploads/thumbnail/3082016103520FH4A4936.JPG,NULL,NULL
331,4,~/uploads/thumbnail/3082016103521FH4A5137.JPG,NULL,NULL
332,4,~/uploads/thumbnail/3082016103523FH4A5286.JPG,NULL,NULL
333,4,~/uploads/thumbnail/3082016103531FH4A5059.JPG,NULL,NULL
334,4,~/uploads/thumbnail/3082016103541FH4A5295.JPG,NULL,NULL
335,4,~/uploads/thumbnail/3082016103541FH4A5239.JPG,NULL,NULL
336,4,~/uploads/thumbnail/3082016103544FH4A5261.JPG,NULL,NULL
337,4,~/uploads/thumbnail/3082016103544FH4A5007.JPG,NULL,NULL
338,4,~/uploads/thumbnail/3082016103552FH4A5264.JPG,NULL,NULL
339,4,~/uploads/thumbnail/3082016103557FH4A5231.JPG,NULL,NULL
340,4,~/uploads/thumbnail/308201610361FH4A4952.JPG,NULL,NULL
341,4,~/uploads/thumbnail/308201610367FH4A5154.JPG,NULL,NULL
342,4,~/uploads/thumbnail/3082016103612FH4A5263.JPG,NULL,NULL
343,4,~/uploads/thumbnail/3082016103616FH4A5168.JPG,NULL,NULL
344,4,~/uploads/thumbnail/3082016103619FH4A5249.JPG,NULL,NULL
345,4,~/uploads/thumbnail/3082016103621FH4A5184.JPG,NULL,NULL
346,4,~/uploads/thumbnail/3082016103632FH4A5140.JPG,NULL,NULL
347,4,~/uploads/thumbnail/3082016103632FH4A4976.JPG,NULL,NULL
348,4,~/uploads/thumbnail/3082016103636FH4A5260.JPG,NULL,NULL
349,4,~/uploads/thumbnail/3082016103641FH4A5282.JPG,NULL,NULL
350,4,~/uploads/thumbnail/3082016103648FH4A5223.JPG,NULL,NULL
351,4,~/uploads/thumbnail/3082016103650FH4A5198.JPG,NULL,NULL
352,4,~/uploads/thumbnail/3082016101815FH4A5201.JPG,NULL,NULL
353,4,~/uploads/thumbnail/3082016101819FH4A4915.JPG,NULL,NULL
354,4,~/uploads/thumbnail/3082016101822FH4A5209.JPG,NULL,NULL
355,4,~/uploads/thumbnail/3082016101833FH4A4995.JPG,NULL,NULL
356,4,~/uploads/thumbnail/3082016101835FH4A5352.JPG,NULL,NULL
357,4,~/uploads/thumbnail/3082016101835FH4A5156.JPG,NULL,NULL
358,4,~/uploads/thumbnail/3082016101841FH4A5068.JPG,NULL,NULL
359,4,~/uploads/thumbnail/3082016101844FH4A5275.JPG,NULL,NULL
360,4,~/uploads/thumbnail/3082016101847FH4A5108.JPG,NULL,NULL
361,4,~/uploads/thumbnail/308201610190FH4A4902.JPG,NULL,NULL
362,4,~/uploads/thumbnail/308201610195FH4A5183.JPG,NULL,NULL
363,4,~/uploads/thumbnail/308201610195FH4A5141.JPG,NULL,NULL
364,4,~/uploads/thumbnail/308201610195FH4A5301.JPG,NULL,NULL
365,4,~/uploads/thumbnail/308201610198FH4A5167.JPG,NULL,NULL
366,4,~/uploads/thumbnail/3082016101914FH4A5326.JPG,NULL,NULL
367,4,~/uploads/thumbnail/3082016101926FH4A5017.JPG,NULL,NULL
368,4,~/uploads/thumbnail/3082016101932FH4A5202.JPG,NULL,NULL
369,4,~/uploads/thumbnail/3082016101935FH4A5321.JPG,NULL,NULL
370,4,~/uploads/thumbnail/3082016101940FH4A5123.JPG,NULL,NULL
371,4,~/uploads/thumbnail/3082016101942FH4A5269.JPG,NULL,NULL
372,4,~/uploads/thumbnail/3082016101942FH4A4888.JPG,NULL,NULL
373,4,~/uploads/thumbnail/3082016101951FH4A4906.JPG,NULL,NULL
374,4,~/uploads/thumbnail/3082016101959FH4A5025.JPG,NULL,NULL
375,4,~/uploads/thumbnail/308201610201FH4A5255.JPG,NULL,NULL
376,4,~/uploads/thumbnail/308201610202FH4A4911.JPG,NULL,NULL
377,4,~/uploads/thumbnail/308201610204FH4A5155.JPG,NULL,NULL
378,4,~/uploads/thumbnail/3082016102013FH4A5079.JPG,NULL,NULL
379,4,~/uploads/thumbnail/3082016102016FH4A4961.JPG,NULL,NULL
380,4,~/uploads/thumbnail/3082016102028FH4A5283.JPG,NULL,NULL
381,4,~/uploads/thumbnail/3082016102029FH4A4894.JPG,NULL,NULL
382,4,~/uploads/thumbnail/3082016102034FH4A5292.JPG,NULL,NULL
383,4,~/uploads/thumbnail/3082016102037FH4A5374.JPG,NULL,NULL
384,4,~/uploads/thumbnail/3082016102042FH4A5020.JPG,NULL,NULL
385,4,~/uploads/thumbnail/3082016102046FH4A5049.JPG,NULL,NULL
386,4,~/uploads/thumbnail/3082016102049FH4A5004.JPG,NULL,NULL
387,4,~/uploads/thumbnail/3082016102058FH4A5225.JPG,NULL,NULL
388,4,~/uploads/thumbnail/3082016102110FH4A4981.JPG,NULL,NULL
389,4,~/uploads/thumbnail/3082016102111FH4A5205.JPG,NULL,NULL
390,4,~/uploads/thumbnail/3082016102112FH4A5135.JPG,NULL,NULL
391,4,~/uploads/thumbnail/3082016102115FH4A5082.JPG,NULL,NULL
392,4,~/uploads/thumbnail/3082016102116FH4A5092.JPG,NULL,NULL
393,4,~/uploads/thumbnail/3082016102127FH4A5237.JPG,NULL,NULL
394,4,~/uploads/thumbnail/3082016102138FH4A5240.JPG,NULL,NULL
395,4,~/uploads/thumbnail/3082016102141FH4A5407.JPG,NULL,NULL
396,4,~/uploads/thumbnail/3082016102148FH4A5160.JPG,NULL,NULL
397,4,~/uploads/thumbnail/3082016102150FH4A5130.JPG,NULL,NULL
398,4,~/uploads/thumbnail/3082016102155FH4A5334.JPG,NULL,NULL
399,4,~/uploads/thumbnail/3082016102157FH4A5253.JPG,NULL,NULL
400,4,~/uploads/thumbnail/308201610229FH4A5200.JPG,NULL,NULL
401,4,~/uploads/thumbnail/3082016102212FH4A5224.JPG,NULL,NULL
402,4,~/uploads/thumbnail/3082016102217FH4A5021.JPG,NULL,NULL
403,4,~/uploads/thumbnail/3082016102223FH4A5127.JPG,NULL,NULL
404,4,~/uploads/thumbnail/3082016102227FH4A5235.JPG,NULL,NULL
405,4,~/uploads/thumbnail/3082016102227FH4A5133.JPG,NULL,NULL
406,4,~/uploads/thumbnail/3082016102231FH4A4969.JPG,NULL,NULL
407,4,~/uploads/thumbnail/3082016102238FH4A4910.JPG,NULL,NULL
408,4,~/uploads/thumbnail/3082016102249FH4A5289.JPG,NULL,NULL
409,4,~/uploads/thumbnail/3082016102251FH4A5274.JPG,NULL,NULL
410,4,~/uploads/thumbnail/3082016102255FH4A5048.JPG,NULL,NULL
411,4,~/uploads/thumbnail/3082016102257FH4A5064.JPG,NULL,NULL
412,4,~/uploads/thumbnail/308201610234FH4A5095.JPG,NULL,NULL
413,4,~/uploads/thumbnail/3082016102311FH4A4996.JPG,NULL,NULL
414,4,~/uploads/thumbnail/3082016102313FH4A5128.JPG,NULL,NULL
415,4,~/uploads/thumbnail/3082016102316FH4A5116.JPG,NULL,NULL
416,4,~/uploads/thumbnail/3082016102317FH4A5147.JPG,NULL,NULL
417,4,~/uploads/thumbnail/3082016102317FH4A5166.JPG,NULL,NULL
418,4,~/uploads/thumbnail/3082016102333FH4A5014.JPG,NULL,NULL
419,4,~/uploads/thumbnail/3082016102338FH4A5268.JPG,NULL,NULL
420,4,~/uploads/thumbnail/3082016102339FH4A5022.JPG,NULL,NULL
421,4,~/uploads/thumbnail/3082016102340FH4A4957.JPG,NULL,NULL
422,4,~/uploads/thumbnail/3082016102341FH4A5259.JPG,NULL,NULL
423,4,~/uploads/thumbnail/3082016102344FH4A5138.JPG,NULL,NULL
424,4,~/uploads/thumbnail/308201610243FH4A5272.JPG,NULL,NULL
425,4,~/uploads/thumbnail/308201610246FH4A5271.JPG,NULL,NULL
426,4,~/uploads/thumbnail/308201610247FH4A4889.JPG,NULL,NULL
427,4,~/uploads/thumbnail/3082016102410FH4A5312.JPG,NULL,NULL
428,4,~/uploads/thumbnail/3082016102413FH4A5229.JPG,NULL,NULL
429,4,~/uploads/thumbnail/3082016102417FH4A5351.JPG,NULL,NULL
430,4,~/uploads/thumbnail/3082016102430FH4A5172.JPG,NULL,NULL
431,4,~/uploads/thumbnail/3082016102431FH4A5212.JPG,NULL,NULL
432,4,~/uploads/thumbnail/3082016102438FH4A5371.JPG,NULL,NULL
433,4,~/uploads/thumbnail/3082016102444FH4A5297.JPG,NULL,NULL
434,4,~/uploads/thumbnail/3082016102445FH4A5023.JPG,NULL,NULL
435,4,~/uploads/thumbnail/3082016102445FH4A5203.JPG,NULL,NULL
436,4,~/uploads/thumbnail/3082016102449FH4A4941.JPG,NULL,NULL
437,4,~/uploads/thumbnail/308201610254FH4A5131.JPG,NULL,NULL
438,4,~/uploads/thumbnail/308201610255FH4A4937.JPG,NULL,NULL
439,4,~/uploads/thumbnail/3082016102510FH4A5242.JPG,NULL,NULL
440,4,~/uploads/thumbnail/3082016102511FH4A5232.JPG,NULL,NULL
441,4,~/uploads/thumbnail/3082016102517FH4A5222.JPG,NULL,NULL
442,4,~/uploads/thumbnail/3082016102517FH4A5254.JPG,NULL,NULL
443,4,~/uploads/thumbnail/3082016102531FH4A5182.JPG,NULL,NULL
444,4,~/uploads/thumbnail/3082016102535FH4A5267.JPG,NULL,NULL
445,4,~/uploads/thumbnail/3082016102535FH4A5024.JPG,NULL,NULL
446,4,~/uploads/thumbnail/3082016102544FH4A5273.JPG,NULL,NULL
447,4,~/uploads/thumbnail/3082016102545FH4A5266.JPG,NULL,NULL
448,4,~/uploads/thumbnail/3082016102551FH4A4904.JPG,NULL,NULL
449,4,~/uploads/thumbnail/3082016102557FH4A4998.JPG,NULL,NULL
450,4,~/uploads/thumbnail/308201610267FH4A5037.JPG,NULL,NULL
451,4,~/uploads/thumbnail/3082016102610FH4A5411.JPG,NULL,NULL
452,4,~/uploads/thumbnail/3082016102611FH4A5083.JPG,NULL,NULL
453,4,~/uploads/thumbnail/3082016102612FH4A5125.JPG,NULL,NULL
454,4,~/uploads/thumbnail/3082016102614FH4A4947.JPG,NULL,NULL
455,4,~/uploads/thumbnail/3082016102625FH4A5276.JPG,NULL,NULL
456,4,~/uploads/thumbnail/3082016102631FH4A5019.JPG,NULL,NULL
457,4,~/uploads/thumbnail/3082016102633FH4A4931.JPG,NULL,NULL
458,4,~/uploads/thumbnail/3082016102638FH4A5226.JPG,NULL,NULL
459,4,~/uploads/thumbnail/3082016102638FH4A5257.JPG,NULL,NULL
460,4,~/uploads/thumbnail/3082016102643FH4A5164.JPG,NULL,NULL
461,4,~/uploads/thumbnail/3082016102650FH4A4896.JPG,NULL,NULL
462,4,~/uploads/thumbnail/3082016102657FH4A5165.JPG,NULL,NULL
463,4,~/uploads/thumbnail/3082016102658FH4A5328.JPG,NULL,NULL
464,4,~/uploads/thumbnail/308201610271FH4A5296.JPG,NULL,NULL
465,4,~/uploads/thumbnail/308201610275FH4A5033.JPG,NULL,NULL
466,4,~/uploads/thumbnail/308201610278FH4A5204.JPG,NULL,NULL
467,4,~/uploads/thumbnail/3082016102720FH4A5054.JPG,NULL,NULL
468,4,~/uploads/thumbnail/3082016102722FH4A5278.JPG,NULL,NULL
469,4,~/uploads/thumbnail/3082016102729FH4A5317.JPG,NULL,NULL
470,4,~/uploads/thumbnail/3082016102729FH4A4907.JPG,NULL,NULL
471,8,~/uploads/thumbnail/292016172550IMG_0551.JPG,NULL,NULL
472,8,~/uploads/thumbnail/292016175229Untitled1.png,NULL,NULL
473,8,~/uploads/thumbnail/49201621194714256755_732451460238548_1881462330_n.jpg,NULL,NULL
474,8,~/uploads/thumbnail/49201621194814233377_732451466905214_196492508_o.jpg,NULL,NULL
475,8,~/uploads/thumbnail/492016211952IMG_0586.JPG,NULL,NULL
476,8,~/uploads/thumbnail/492016211953IMG_0690.JPG,NULL,NULL
477,8,~/uploads/thumbnail/492016211955IMG_0533.JPG,NULL,NULL
478,8,~/uploads/thumbnail/492016211956IMG_0643.JPG,NULL,NULL
479,8,~/uploads/thumbnail/49201621200IMG_0499.JPG,NULL,NULL
480,8,~/uploads/thumbnail/49201621201IMG_0546.JPG,NULL,NULL
481,8,~/uploads/thumbnail/49201621201IMG_0724.JPG,NULL,NULL
482,8,~/uploads/thumbnail/492016213033IMG_0632.JPG,NULL,NULL
483,8,~/uploads/thumbnail/492016213035IMG_0724.JPG,NULL,NULL
484,8,~/uploads/thumbnail/492016213036IMG_0499.JPG,NULL,NULL
485,8,~/uploads/thumbnail/492016213037IMG_0546.JPG,NULL,NULL
486,8,~/uploads/thumbnail/492016213652IMG_0586.JPG,NULL,NULL
487,8,~/uploads/thumbnail/492016213751IMG_0504.JPG,NULL,NULL
488,8,~/uploads/thumbnail/492016214455IMG_0546.JPG,NULL,NULL
489,8,~/uploads/thumbnail/129201617565014302552_595438763994170_1159253245_n.jpg,NULL,NULL
490,8,~/uploads/thumbnail/129201617565014247959_595438907327489_479903846_o.jpg,NULL,NULL
491,8,~/uploads/thumbnail/13920168535614341682_595438740660839_1459054356_n.jpg,NULL,NULL
492,8,~/uploads/thumbnail/2192016211135hb.png,NULL,NULL
493,14,~/uploads/thumbnail/292016172549image1.JPG,NULL,NULL
494,14,~/uploads/thumbnail/259201516732Untitled.png,NULL,NULL
495,14,~/uploads/thumbnail/1352018145958Hung.png,NULL,NULL
496,14,~/uploads/thumbnail/5320168491logo dong ho.png,NULL,NULL
497,14,~/uploads/thumbnail/9320162134482.1.png,NULL,NULL
498,14,~/uploads/thumbnail/9320162134492.3.png,NULL,NULL
499,14,~/uploads/thumbnail/9320162134482.2.png,NULL,NULL
500,14,~/uploads/thumbnail/9320162134492.4.png,NULL,NULL
501,14,~/uploads/thumbnail/1032016528491.2.png,NULL,NULL
502,14,~/uploads/thumbnail/1032016528491.1.png,NULL,NULL
503,14,~/uploads/thumbnail/2882016172036hoa lan.png,NULL,NULL
504,14,~/uploads/thumbnail/2882016184830436px-Hoa_lan_tím.jpg,NULL,NULL
505,14,~/uploads/thumbnail/2882016184853436px-Hoa_lan_tím (2).jpg,NULL,NULL
506,14,~/uploads/thumbnail/232016204840Chu ky.png,NULL,NULL
507,14,~/uploads/thumbnail/33201694856sy.jpg,NULL,NULL
508,14,~/uploads/thumbnail/432016102940cac doan.png,NULL,NULL
509,14,~/uploads/thumbnail/432016102940hoi truong.png,NULL,NULL
510,14,~/uploads/thumbnail/432016102941KH.png,NULL,NULL
511,14,~/uploads/thumbnail/432016102942phong.png,NULL,NULL
512,14,~/uploads/thumbnail/432016102951Untitled.png,NULL,NULL
513,14,~/uploads/thumbnail/2592015161221Cbo.png,NULL,NULL
514,14,~/uploads/thumbnail/2592015161223MTho.png,NULL,NULL
515,14,~/uploads/thumbnail/2692015162125IMG_9745.JPG,NULL,NULL
516,14,~/uploads/thumbnail/310201585355hong.png,NULL,NULL
517,14,~/uploads/thumbnail/241220151652320151109_101207.jpg,NULL,NULL
518,14,~/uploads/thumbnail/241220151652320151109_101300.jpg,NULL,NULL
519,14,~/uploads/thumbnail/241220151652320151109_101215.jpg,NULL,NULL
520,14,~/uploads/thumbnail/241220151652520151217_153121.jpg,NULL,NULL
521,14,~/uploads/thumbnail/241220151652520151110_175718.jpg,NULL,NULL
522,14,~/uploads/thumbnail/14201884531IMG_0052.JPG,NULL,NULL
523,14,~/uploads/thumbnail/14201884533IMG_0053.JPG,NULL,NULL
524,14,~/uploads/thumbnail/14201884533IMG_0051.JPG,NULL,NULL
525,14,~/uploads/thumbnail/14201885424IMG_0052.JPG,NULL,NULL
526,5,~/uploads/thumbnail/247201793452FH4A1436.JPG,NULL,NULL
527,5,~/uploads/thumbnail/247201793453FH4A1576.JPG,NULL,NULL
528,5,~/uploads/thumbnail/247201793455FH4A1800.JPG,NULL,NULL
529,5,~/uploads/thumbnail/247201793455FH4A1698.JPG,NULL,NULL
530,5,~/uploads/thumbnail/247201793456FH4A1598.JPG,NULL,NULL
531,5,~/uploads/thumbnail/247201793457FH4A1754.JPG,NULL,NULL
532,5,~/uploads/thumbnail/247201793457FH4A1618.JPG,NULL,NULL
533,5,~/uploads/thumbnail/247201793457FH4A1422.JPG,NULL,NULL
534,5,~/uploads/thumbnail/247201793458FH4A1393.JPG,NULL,NULL
535,5,~/uploads/thumbnail/247201793458FH4A1299.JPG,NULL,NULL
536,5,~/uploads/thumbnail/247201793459FH4A1398.JPG,NULL,NULL
537,5,~/uploads/thumbnail/24720179352FH4A1811.JPG,NULL,NULL
538,5,~/uploads/thumbnail/24720179352FH4A1330.JPG,NULL,NULL
539,5,~/uploads/thumbnail/24720179353FH4A1764.JPG,NULL,NULL
540,5,~/uploads/thumbnail/24720179356FH4A1648.JPG,NULL,NULL
541,5,~/uploads/thumbnail/24720179356FH4A1416.JPG,NULL,NULL
542,5,~/uploads/thumbnail/24720179357FH4A1520.JPG,NULL,NULL
543,5,~/uploads/thumbnail/24720179357FH4A1538.JPG,NULL,NULL
544,5,~/uploads/thumbnail/24720179358FH4A1252.JPG,NULL,NULL
545,5,~/uploads/thumbnail/247201793510FH4A1668.JPG,NULL,NULL
546,5,~/uploads/thumbnail/247201793510FH4A1594.JPG,NULL,NULL
547,5,~/uploads/thumbnail/247201793511FH4A1652.JPG,NULL,NULL
548,5,~/uploads/thumbnail/247201793513FH4A1386.JPG,NULL,NULL
549,5,~/uploads/thumbnail/247201793514FH4A1366.JPG,NULL,NULL
550,5,~/uploads/thumbnail/247201793515FH4A1627.JPG,NULL,NULL
551,5,~/uploads/thumbnail/247201793516FH4A1657.JPG,NULL,NULL
552,5,~/uploads/thumbnail/247201793516FH4A1376.JPG,NULL,NULL
553,5,~/uploads/thumbnail/247201793516FH4A1737.JPG,NULL,NULL
554,5,~/uploads/thumbnail/247201793518FH4A1242.JPG,NULL,NULL
555,5,~/uploads/thumbnail/247201793520FH4A1233.JPG,NULL,NULL
556,5,~/uploads/thumbnail/247201793520FH4A1533.JPG,NULL,NULL
557,5,~/uploads/thumbnail/247201793522FH4A1623.JPG,NULL,NULL
558,5,~/uploads/thumbnail/247201793522FH4A1439.JPG,NULL,NULL
559,5,~/uploads/thumbnail/247201793522FH4A1466.JPG,NULL,NULL
560,5,~/uploads/thumbnail/247201793522FH4A1283.JPG,NULL,NULL
561,5,~/uploads/thumbnail/247201793524FH4A1634.JPG,NULL,NULL
562,5,~/uploads/thumbnail/247201793525FH4A1212.JPG,NULL,NULL
563,5,~/uploads/thumbnail/247201793526FH4A1506.JPG,NULL,NULL
564,5,~/uploads/thumbnail/247201793527FH4A1610.JPG,NULL,NULL
565,5,~/uploads/thumbnail/247201793528FH4A1226.JPG,NULL,NULL
566,5,~/uploads/thumbnail/247201793528FH4A1411.JPG,NULL,NULL
567,5,~/uploads/thumbnail/247201793529FH4A1773.JPG,NULL,NULL
568,5,~/uploads/thumbnail/247201793529FH4A1272.JPG,NULL,NULL
569,5,~/uploads/thumbnail/247201793529FH4A1619.JPG,NULL,NULL
570,5,~/uploads/thumbnail/247201793532FH4A1327.JPG,NULL,NULL
571,5,~/uploads/thumbnail/247201793533FH4A1681.JPG,NULL,NULL
572,5,~/uploads/thumbnail/247201793533FH4A1795.JPG,NULL,NULL
573,5,~/uploads/thumbnail/247201793534FH4A1678.JPG,NULL,NULL
574,5,~/uploads/thumbnail/247201793534FH4A1632.JPG,NULL,NULL
575,5,~/uploads/thumbnail/247201793535FH4A1367.JPG,NULL,NULL
576,5,~/uploads/thumbnail/247201793536FH4A1221.JPG,NULL,NULL
577,5,~/uploads/thumbnail/247201793536FH4A1677.JPG,NULL,NULL
578,5,~/uploads/thumbnail/247201793538FH4A1661.JPG,NULL,NULL
579,5,~/uploads/thumbnail/247201793538FH4A1267.JPG,NULL,NULL
580,5,~/uploads/thumbnail/247201793538FH4A1816.JPG,NULL,NULL
581,5,~/uploads/thumbnail/247201793540FH4A1295.JPG,NULL,NULL
582,5,~/uploads/thumbnail/247201793541FH4A1479.JPG,NULL,NULL
583,5,~/uploads/thumbnail/247201793543FH4A1349.JPG,NULL,NULL
584,5,~/uploads/thumbnail/247201793544FH4A1788.JPG,NULL,NULL
585,5,~/uploads/thumbnail/247201793544FH4A1625.JPG,NULL,NULL
586,5,~/uploads/thumbnail/247201793545FH4A1650.JPG,NULL,NULL
587,5,~/uploads/thumbnail/247201793545FH4A1750.JPG,NULL,NULL
588,5,~/uploads/thumbnail/247201793545FH4A1740.JPG,NULL,NULL
589,5,~/uploads/thumbnail/247201793545FH4A1532.JPG,NULL,NULL
590,5,~/uploads/thumbnail/247201793551FH4A1395.JPG,NULL,NULL
591,5,~/uploads/thumbnail/247201793550FH4A1673.JPG,NULL,NULL
592,5,~/uploads/thumbnail/247201793551FH4A1667.JPG,NULL,NULL
593,5,~/uploads/thumbnail/247201793551FH4A1246.JPG,NULL,NULL
594,5,~/uploads/thumbnail/247201793551FH4A1442.JPG,NULL,NULL
595,5,~/uploads/thumbnail/247201793553FH4A1639.JPG,NULL,NULL
596,5,~/uploads/thumbnail/247201793556FH4A1424.JPG,NULL,NULL
597,5,~/uploads/thumbnail/247201793556FH4A1347.JPG,NULL,NULL
598,5,~/uploads/thumbnail/247201793557FH4A1377.JPG,NULL,NULL
599,5,~/uploads/thumbnail/247201793558FH4A1217.JPG,NULL,NULL
600,5,~/uploads/thumbnail/247201793559FH4A1402.JPG,NULL,NULL
601,5,~/uploads/thumbnail/247201793559FH4A1501.JPG,NULL,NULL
602,5,~/uploads/thumbnail/247201793559FH4A1368.JPG,NULL,NULL
603,5,~/uploads/thumbnail/24720179362FH4A1611.JPG,NULL,NULL
604,5,~/uploads/thumbnail/24720179363FH4A1672.JPG,NULL,NULL
605,5,~/uploads/thumbnail/24720179363FH4A1401.JPG,NULL,NULL
606,5,~/uploads/thumbnail/24720179364FH4A1325.JPG,NULL,NULL
607,5,~/uploads/thumbnail/24720179365FH4A1656.JPG,NULL,NULL
608,5,~/uploads/thumbnail/24720179366FH4A1529.JPG,NULL,NULL
609,5,~/uploads/thumbnail/24720179367FH4A1766.JPG,NULL,NULL
610,5,~/uploads/thumbnail/24720179367FH4A1801.JPG,NULL,NULL
611,5,~/uploads/thumbnail/24720179368FH4A1387.JPG,NULL,NULL
612,5,~/uploads/thumbnail/24720179368FH4A1814.JPG,NULL,NULL
613,5,~/uploads/thumbnail/24720179369FH4A1346.JPG,NULL,NULL
614,5,~/uploads/thumbnail/247201793610FH4A1647.JPG,NULL,NULL
615,5,~/uploads/thumbnail/247201793611FH4A1356.JPG,NULL,NULL
616,5,~/uploads/thumbnail/247201793612FH4A1432.JPG,NULL,NULL
617,5,~/uploads/thumbnail/247201793613FH4A1620.JPG,NULL,NULL
618,5,~/uploads/thumbnail/247201793613FH4A1251.JPG,NULL,NULL
619,5,~/uploads/thumbnail/247201793614FH4A1628.JPG,NULL,NULL
620,5,~/uploads/thumbnail/247201793615FH4A1282.JPG,NULL,NULL
621,5,~/uploads/thumbnail/247201793615FH4A1423.JPG,NULL,NULL
622,5,~/uploads/thumbnail/247201793617FH4A1358.JPG,NULL,NULL
623,5,~/uploads/thumbnail/247201793617FH4A1355.JPG,NULL,NULL
624,5,~/uploads/thumbnail/247201793619FH4A1571.JPG,NULL,NULL
625,5,~/uploads/thumbnail/247201793619FH4A1354.JPG,NULL,NULL
626,5,~/uploads/thumbnail/247201793620FH4A1271.JPG,NULL,NULL
627,5,~/uploads/thumbnail/247201793621FH4A1752.JPG,NULL,NULL
628,5,~/uploads/thumbnail/247201793621FH4A1381.JPG,NULL,NULL
629,5,~/uploads/thumbnail/247201793623FH4A1419.JPG,NULL,NULL
630,5,~/uploads/thumbnail/247201793624FH4A1353.JPG,NULL,NULL
631,5,~/uploads/thumbnail/247201793625FH4A1453.JPG,NULL,NULL
632,5,~/uploads/thumbnail/247201793626FH4A1473.JPG,NULL,NULL
633,5,~/uploads/thumbnail/247201793626FH4A1342.JPG,NULL,NULL
634,5,~/uploads/thumbnail/247201793626FH4A1351.JPG,NULL,NULL
635,5,~/uploads/thumbnail/247201793627FH4A1359.JPG,NULL,NULL
636,5,~/uploads/thumbnail/247201793629FH4A1369.JPG,NULL,NULL
637,5,~/uploads/thumbnail/247201793629FH4A1213.JPG,NULL,NULL
638,5,~/uploads/thumbnail/247201793630FH4A1293.JPG,NULL,NULL
639,5,~/uploads/thumbnail/247201793630FH4A1438.JPG,NULL,NULL
640,5,~/uploads/thumbnail/247201793631FH4A1324.JPG,NULL,NULL
641,5,~/uploads/thumbnail/247201793632FH4A1613.JPG,NULL,NULL
642,5,~/uploads/thumbnail/247201793634FH4A1660.JPG,NULL,NULL
643,5,~/uploads/thumbnail/247201793635FH4A1495.JPG,NULL,NULL
644,5,~/uploads/thumbnail/247201793635FH4A1563.JPG,NULL,NULL
645,5,~/uploads/thumbnail/247201793636FH4A1360.JPG,NULL,NULL
646,5,~/uploads/thumbnail/247201793636FH4A1666.JPG,NULL,NULL
647,5,~/uploads/thumbnail/247201793638FH4A1525.JPG,NULL,NULL
648,5,~/uploads/thumbnail/247201793639FH4A1379.JPG,NULL,NULL
649,5,~/uploads/thumbnail/247201793640FH4A1615.JPG,NULL,NULL
650,5,~/uploads/thumbnail/247201793641FH4A1415.JPG,NULL,NULL
651,5,~/uploads/thumbnail/247201793642FH4A1361.JPG,NULL,NULL
652,5,~/uploads/thumbnail/247201793644FH4A1567.JPG,NULL,NULL
653,5,~/uploads/thumbnail/247201793644FH4A1559.JPG,NULL,NULL
654,5,~/uploads/thumbnail/247201793644FH4A1562.JPG,NULL,NULL
655,5,~/uploads/thumbnail/247201793646FH4A1229.JPG,NULL,NULL
656,5,~/uploads/thumbnail/247201793647FH4A1235.JPG,NULL,NULL
657,5,~/uploads/thumbnail/247201793648FH4A1564.JPG,NULL,NULL
658,5,~/uploads/thumbnail/247201793648FH4A1550.JPG,NULL,NULL
659,5,~/uploads/thumbnail/247201793648FH4A1266.JPG,NULL,NULL
660,5,~/uploads/thumbnail/247201793650FH4A1339.JPG,NULL,NULL
661,5,~/uploads/thumbnail/247201793650FH4A1633.JPG,NULL,NULL
662,5,~/uploads/thumbnail/247201793652FH4A1244.JPG,NULL,NULL
663,5,~/uploads/thumbnail/247201793652FH4A1791.JPG,NULL,NULL
664,5,~/uploads/thumbnail/247201793653FH4A1626.JPG,NULL,NULL
665,5,~/uploads/thumbnail/247201793654FH4A1362.JPG,NULL,NULL
666,5,~/uploads/thumbnail/247201793654FH4A1573.JPG,NULL,NULL
667,5,~/uploads/thumbnail/247201793655FH4A1649.JPG,NULL,NULL
668,5,~/uploads/thumbnail/247201793657FH4A1748.JPG,NULL,NULL
669,5,~/uploads/thumbnail/24720179365717629956_278824942573840_905845716541302535_n.jpg,NULL,NULL
670,5,~/uploads/thumbnail/247201793657FH4A1574.JPG,NULL,NULL
671,5,~/uploads/thumbnail/247201793659FH4A1224.JPG,NULL,NULL
672,5,~/uploads/thumbnail/247201793659FH4A1392.JPG,NULL,NULL
673,5,~/uploads/thumbnail/247201793659FH4A1630.JPG,NULL,NULL
674,5,~/uploads/thumbnail/24720179370FH4A1569.JPG,NULL,NULL
675,5,~/uploads/thumbnail/24720179371FH4A1671.JPG,NULL,NULL
676,5,~/uploads/thumbnail/24720179373FH4A1396.JPG,NULL,NULL
677,5,~/uploads/thumbnail/24720179374FH4A1699.JPG,NULL,NULL
678,5,~/uploads/thumbnail/24720179374FH4A1654.JPG,NULL,NULL
679,5,~/uploads/thumbnail/24720179374FH4A1371.JPG,NULL,NULL
680,5,~/uploads/thumbnail/24720179374FH4A1440.JPG,NULL,NULL
681,5,~/uploads/thumbnail/24720179374FH4A1637.JPG,NULL,NULL
682,5,~/uploads/thumbnail/24720179375FH4A1724.JPG,NULL,NULL
683,5,~/uploads/thumbnail/24720179378FH4A1301.JPG,NULL,NULL
684,5,~/uploads/thumbnail/24720179378FH4A1760.JPG,NULL,NULL
685,5,~/uploads/thumbnail/24720179379FH4A1772.JPG,NULL,NULL
686,5,~/uploads/thumbnail/24720179379FH4A1408.JPG,NULL,NULL
687,5,~/uploads/thumbnail/247201793710FH4A1665.JPG,NULL,NULL
688,5,~/uploads/thumbnail/247201793710FH4A1363.JPG,NULL,NULL
689,5,~/uploads/thumbnail/247201793712FH4A1319.JPG,NULL,NULL
690,5,~/uploads/thumbnail/247201793714FH4A1210.JPG,NULL,NULL
691,5,~/uploads/thumbnail/247201793715FH4A1753.JPG,NULL,NULL
692,5,~/uploads/thumbnail/247201793715FH4A1337.JPG,NULL,NULL
693,5,~/uploads/thumbnail/247201793716FH4A1622.JPG,NULL,NULL
694,5,~/uploads/thumbnail/247201793717FH4A1522.JPG,NULL,NULL
695,5,~/uploads/thumbnail/247201793717FH4A1658.JPG,NULL,NULL
696,5,~/uploads/thumbnail/247201793719FH4A1219.JPG,NULL,NULL
697,5,~/uploads/thumbnail/247201793720FH4A1575.JPG,NULL,NULL
698,5,~/uploads/thumbnail/247201793720FH4A1817.JPG,NULL,NULL
699,5,~/uploads/thumbnail/247201793721FH4A1490.JPG,NULL,NULL
700,5,~/uploads/thumbnail/247201793721FH4A1597.JPG,NULL,NULL
701,5,~/uploads/thumbnail/247201793723FH4A1281.JPG,NULL,NULL
702,5,~/uploads/thumbnail/247201793723FH4A1383.JPG,NULL,NULL
703,5,~/uploads/thumbnail/247201793726FH4A1364.JPG,NULL,NULL
704,5,~/uploads/thumbnail/247201793725FH4A1705.JPG,NULL,NULL
705,5,~/uploads/thumbnail/247201793726FH4A1451.JPG,NULL,NULL
706,5,~/uploads/thumbnail/247201793728FH4A1545.JPG,NULL,NULL
707,5,~/uploads/thumbnail/247201793728FH4A1468.JPG,NULL,NULL
708,5,~/uploads/thumbnail/247201793729FH4A1670.JPG,NULL,NULL
709,5,~/uploads/thumbnail/247201793729FH4A1731.JPG,NULL,NULL
710,5,~/uploads/thumbnail/247201793730FH4A1292.JPG,NULL,NULL
711,5,~/uploads/thumbnail/247201793730FH4A1614.JPG,NULL,NULL
712,5,~/uploads/thumbnail/247201793731FH4A1713.JPG,NULL,NULL
713,5,~/uploads/thumbnail/247201793734FH4A1691.JPG,NULL,NULL
714,5,~/uploads/thumbnail/247201793734FH4A1425.JPG,NULL,NULL
715,5,~/uploads/thumbnail/247201793734FH4A1247.JPG,NULL,NULL
716,5,~/uploads/thumbnail/247201793735FH4A1624.JPG,NULL,NULL
717,5,~/uploads/thumbnail/247201793734FH4A1775.JPG,NULL,NULL
718,5,~/uploads/thumbnail/247201793737FH4A1334.JPG,NULL,NULL
719,5,~/uploads/thumbnail/247201793738FH4A1692.JPG,NULL,NULL
720,5,~/uploads/thumbnail/247201793738FH4A1694.JPG,NULL,NULL
721,5,~/uploads/thumbnail/247201793738FH4A1629.JPG,NULL,NULL
722,5,~/uploads/thumbnail/247201793741FH4A1307.JPG,NULL,NULL
723,5,~/uploads/thumbnail/247201793741FH4A1688.JPG,NULL,NULL
724,5,~/uploads/thumbnail/247201793742FH4A1447.JPG,NULL,NULL
725,5,~/uploads/thumbnail/247201793742FH4A1375.JPG,NULL,NULL
726,5,~/uploads/thumbnail/247201793742FH4A1485.JPG,NULL,NULL
727,5,~/uploads/thumbnail/247201793743FH4A1365.JPG,NULL,NULL
728,5,~/uploads/thumbnail/247201793745FH4A1270.JPG,NULL,NULL
729,5,~/uploads/thumbnail/247201793745FH4A1720.JPG,NULL,NULL
730,5,~/uploads/thumbnail/247201793746FH4A1309.JPG,NULL,NULL
731,5,~/uploads/thumbnail/247201793747FH4A1669.JPG,NULL,NULL
732,5,~/uploads/thumbnail/247201793749FH4A1644.JPG,NULL,NULL
733,5,~/uploads/thumbnail/247201793749FH4A1541.JPG,NULL,NULL
734,5,~/uploads/thumbnail/247201793750FH4A1662.JPG,NULL,NULL
735,5,~/uploads/thumbnail/247201793750FH4A1215.JPG,NULL,NULL
736,5,~/uploads/thumbnail/247201793751FH4A1542.JPG,NULL,NULL
737,13,~/uploads/thumbnail/144201895429m? con.jpg,NULL,NULL
738,13,~/uploads/thumbnail/104201882631b? con.png,NULL,NULL
739,13,~/uploads/thumbnail/104201883535t?p ca2.png,NULL,NULL
740,13,~/uploads/thumbnail/104201883536m? con.png,NULL,NULL
741,13,~/uploads/thumbnail/104201883536th? ?nh.png,NULL,NULL
742,13,~/uploads/thumbnail/104201883541t?p ca1.png,NULL,NULL
743,13,~/uploads/thumbnail/1342018151825th? ?nh.png,NULL,NULL
744,13,~/uploads/thumbnail/1342018151826t?p ca2.png,NULL,NULL
745,13,~/uploads/thumbnail/1342018151827b? con.png,NULL,NULL
746,13,~/uploads/thumbnail/1342018151827m? con.png,NULL,NULL
747,13,~/uploads/thumbnail/1342018151828t?p ca1.png,NULL,NULL
748,13,~/uploads/thumbnail/1342018152026b? con.png,NULL,NULL
749,13,~/uploads/thumbnail/144201883725b? con.png,NULL,NULL
750,13,~/uploads/thumbnail/144201884534b? con.png,NULL,NULL
751,6,~/uploads/thumbnail/144201895424FH4A0489.jpg,NULL,NULL
752,6,~/uploads/thumbnail/144201895424FH4A0480.jpg,NULL,NULL
753,6,~/uploads/thumbnail/144201895424FH4A0451.jpg,NULL,NULL
754,6,~/uploads/thumbnail/144201895424FH4A0857.jpg,NULL,NULL
755,6,~/uploads/thumbnail/144201895425FH4A0799.jpg,NULL,NULL
756,6,~/uploads/thumbnail/144201895425FH4A0525.jpg,NULL,NULL
757,6,~/uploads/thumbnail/144201895425FH4A0881.jpg,NULL,NULL
758,6,~/uploads/thumbnail/144201895425FH4A0782.jpg,NULL,NULL
759,6,~/uploads/thumbnail/144201895425FH4A0484.jpg,NULL,NULL
760,6,~/uploads/thumbnail/144201895425FH4A1122.jpg,NULL,NULL
761,6,~/uploads/thumbnail/144201895426FH4A0807.jpg,NULL,NULL
762,6,~/uploads/thumbnail/144201895426FH4A0629.jpg,NULL,NULL
763,6,~/uploads/thumbnail/144201895426FH4A0866.jpg,NULL,NULL
764,6,~/uploads/thumbnail/144201895426FH4A0798.jpg,NULL,NULL
765,6,~/uploads/thumbnail/144201895427FH4A0570.jpg,NULL,NULL
766,6,~/uploads/thumbnail/144201895427FH4A0478.jpg,NULL,NULL
767,6,~/uploads/thumbnail/144201895428FH4A1060.jpg,NULL,NULL
768,6,~/uploads/thumbnail/144201895428FH4A0464.jpg,NULL,NULL
769,6,~/uploads/thumbnail/144201895428FH4A0671.jpg,NULL,NULL
770,6,~/uploads/thumbnail/144201895428FH4A1182.jpg,NULL,NULL
771,6,~/uploads/thumbnail/144201895428FH4A0595.jpg,NULL,NULL
772,6,~/uploads/thumbnail/144201895428FH4A0800.jpg,NULL,NULL
773,6,~/uploads/thumbnail/144201895429FH4A0572.jpg,NULL,NULL
774,6,~/uploads/thumbnail/144201895429FH4A0889.jpg,NULL,NULL
775,6,~/uploads/thumbnail/144201895430FH4A0675.jpg,NULL,NULL
776,6,~/uploads/thumbnail/144201895430FH4A0458.jpg,NULL,NULL
777,6,~/uploads/thumbnail/144201895430FH4A0502.jpg,NULL,NULL
778,6,~/uploads/thumbnail/144201895430FH4A1033 - Copy.jpg,NULL,NULL
779,6,~/uploads/thumbnail/144201895430FH4A0519.jpg,NULL,NULL
780,6,~/uploads/thumbnail/144201895431FH4A1001.jpg,NULL,NULL
781,6,~/uploads/thumbnail/144201895431FH4A0509.jpg,NULL,NULL
782,6,~/uploads/thumbnail/144201895431FH4A0468.jpg,NULL,NULL
783,6,~/uploads/thumbnail/144201895432FH4A0729.jpg,NULL,NULL
784,6,~/uploads/thumbnail/144201895432FH4A0897.jpg,NULL,NULL
785,6,~/uploads/thumbnail/144201895432FH4A0906.jpg,NULL,NULL
786,6,~/uploads/thumbnail/144201895433FH4A0810.jpg,NULL,NULL
787,6,~/uploads/thumbnail/144201895433FH4A0623.jpg,NULL,NULL
788,6,~/uploads/thumbnail/144201895433FH4A0476.jpg,NULL,NULL
789,6,~/uploads/thumbnail/144201895433FH4A1037.jpg,NULL,NULL
790,6,~/uploads/thumbnail/144201895434FH4A0703.jpg,NULL,NULL
791,6,~/uploads/thumbnail/144201895435FH4A0819.jpg,NULL,NULL
792,6,~/uploads/thumbnail/144201895435FH4A0997.jpg,NULL,NULL
793,6,~/uploads/thumbnail/144201895435FH4A0494.jpg,NULL,NULL
794,6,~/uploads/thumbnail/144201895435FH4A1160.jpg,NULL,NULL
795,6,~/uploads/thumbnail/144201895435FH4A0580.jpg,NULL,NULL
796,6,~/uploads/thumbnail/144201895435FH4A0738.jpg,NULL,NULL
797,6,~/uploads/thumbnail/144201895436FH4A0923.jpg,NULL,NULL
798,6,~/uploads/thumbnail/144201895436FH4A0714.jpg,NULL,NULL
799,6,~/uploads/thumbnail/144201895436FH4A1090.jpg,NULL,NULL
800,6,~/uploads/thumbnail/144201895436FH4A0932.jpg,NULL,NULL
801,6,~/uploads/thumbnail/144201895437FH4A0843.jpg,NULL,NULL
802,6,~/uploads/thumbnail/144201895437FH4A0498.jpg,NULL,NULL
803,6,~/uploads/thumbnail/144201895438FH4A1032.jpg,NULL,NULL
804,6,~/uploads/thumbnail/144201895438FH4A0491.jpg,NULL,NULL
805,6,~/uploads/thumbnail/144201895438FH4A1004.jpg,NULL,NULL
806,6,~/uploads/thumbnail/144201895438FH4A0779.jpg,NULL,NULL
807,6,~/uploads/thumbnail/144201895438FH4A0839.jpg,NULL,NULL
808,6,~/uploads/thumbnail/144201895438bocon.jpg,NULL,NULL
809,6,~/uploads/thumbnail/144201895438FH4A0835.jpg,NULL,NULL
810,6,~/uploads/thumbnail/144201895438FH4A0687.jpg,NULL,NULL
811,6,~/uploads/thumbnail/144201895439FH4A0998.jpg,NULL,NULL
812,6,~/uploads/thumbnail/144201895439FH4A0986.jpg,NULL,NULL
813,6,~/uploads/thumbnail/144201895440FH4A0767.jpg,NULL,NULL
814,6,~/uploads/thumbnail/144201895440FH4A0486.jpg,NULL,NULL
815,6,~/uploads/thumbnail/144201895441FH4A0864.jpg,NULL,NULL
816,6,~/uploads/thumbnail/144201895441FH4A0988.jpg,NULL,NULL
817,6,~/uploads/thumbnail/144201895441FH4A0970.jpg,NULL,NULL
818,6,~/uploads/thumbnail/144201895441FH4A0848.jpg,NULL,NULL
819,6,~/uploads/thumbnail/144201895441FH4A0518.jpg,NULL,NULL
820,6,~/uploads/thumbnail/144201895441FH4A0597.jpg,NULL,NULL
821,6,~/uploads/thumbnail/144201895442FH4A0452.jpg,NULL,NULL
822,6,~/uploads/thumbnail/144201895442FH4A0920.jpg,NULL,NULL
823,6,~/uploads/thumbnail/144201895442FH4A0878.jpg,NULL,NULL
824,6,~/uploads/thumbnail/144201895442FH4A1045.jpg,NULL,NULL
825,6,~/uploads/thumbnail/144201895442FH4A0504.jpg,NULL,NULL
826,6,~/uploads/thumbnail/144201895443FH4A1109.jpg,NULL,NULL
827,6,~/uploads/thumbnail/144201895443FH4A0508.jpg,NULL,NULL
828,6,~/uploads/thumbnail/144201895443FH4A0583.jpg,NULL,NULL
829,6,~/uploads/thumbnail/144201895444FH4A0474.jpg,NULL,NULL
830,6,~/uploads/thumbnail/144201895444Untitled.jpg,NULL,NULL
831,6,~/uploads/thumbnail/144201895444FH4A0822.jpg,NULL,NULL
832,6,~/uploads/thumbnail/144201895444FH4A0765.jpg,NULL,NULL
833,6,~/uploads/thumbnail/144201895445FH4A0737.jpg,NULL,NULL
834,6,~/uploads/thumbnail/144201895445FH4A0698.jpg,NULL,NULL
835,6,~/uploads/thumbnail/144201895445FH4A0813.jpg,NULL,NULL
836,6,~/uploads/thumbnail/144201895446FH4A1000.jpg,NULL,NULL
837,6,~/uploads/thumbnail/144201895446FH4A0634.jpg,NULL,NULL
838,6,~/uploads/thumbnail/144201895446topca1.jpg,NULL,NULL
839,6,~/uploads/thumbnail/144201895446FH4A0905.jpg,NULL,NULL
840,6,~/uploads/thumbnail/144201895446FH4A0680.jpg,NULL,NULL
841,6,~/uploads/thumbnail/144201895447topca2.jpg,NULL,NULL
842,6,~/uploads/thumbnail/144201895447FH4A1084.jpg,NULL,NULL
843,6,~/uploads/thumbnail/144201895447FH4A0672.jpg,NULL,NULL
844,6,~/uploads/thumbnail/144201895447FH4A1179.jpg,NULL,NULL
845,6,~/uploads/thumbnail/144201895447FH4A0912.jpg,NULL,NULL
846,6,~/uploads/thumbnail/144201895448FH4A0516.jpg,NULL,NULL
847,6,~/uploads/thumbnail/144201895448FH4A0462.jpg,NULL,NULL
848,6,~/uploads/thumbnail/144201895449FH4A0858.jpg,NULL,NULL
849,6,~/uploads/thumbnail/144201895449FH4A0761.jpg,NULL,NULL
850,6,~/uploads/thumbnail/144201895449FH4A1033 - Copy - Copy.jpg,NULL,NULL
851,6,~/uploads/thumbnail/144201895450FH4A0885.jpg,NULL,NULL
852,6,~/uploads/thumbnail/144201895450FH4A0466.jpg,NULL,NULL
853,6,~/uploads/thumbnail/144201895450FH4A0880.jpg,NULL,NULL
854,6,~/uploads/thumbnail/144201895450FH4A0625.jpg,NULL,NULL
855,6,~/uploads/thumbnail/144201895451FH4A0488.jpg,NULL,NULL
856,6,~/uploads/thumbnail/144201895451FH4A1033.jpg,NULL,NULL
857,6,~/uploads/thumbnail/144201895452FH4A0585.jpg,NULL,NULL
858,6,~/uploads/thumbnail/144201895452FH4A0678.jpg,NULL,NULL
859,6,~/uploads/thumbnail/144201895452FH4A0816.jpg,NULL,NULL
860,6,~/uploads/thumbnail/144201895452FH4A1005.jpg,NULL,NULL
861,6,~/uploads/thumbnail/144201895452FH4A0896.jpg,NULL,NULL
862,6,~/uploads/thumbnail/144201895452FH4A1153.jpg,NULL,NULL
863,6,~/uploads/thumbnail/144201895452FH4A1064.jpg,NULL,NULL
864,6,~/uploads/thumbnail/144201895453FH4A1170.jpg,NULL,NULL
865,6,~/uploads/thumbnail/144201895454FH4A0598.jpg,NULL,NULL
866,6,~/uploads/thumbnail/144201895454FH4A0868.jpg,NULL,NULL
867,6,~/uploads/thumbnail/144201895454FH4A0750.jpg,NULL,NULL
868,6,~/uploads/thumbnail/144201895454FH4A0483.jpg,NULL,NULL
869,6,~/uploads/thumbnail/144201895455FH4A1141.jpg,NULL,NULL
870,6,~/uploads/thumbnail/144201895454FH4A0871.jpg,NULL,NULL
871,6,~/uploads/thumbnail/144201895455FH4A0713.jpg,NULL,NULL
872,6,~/uploads/thumbnail/144201895455FH4A0493.jpg,NULL,NULL
873,6,~/uploads/thumbnail/144201895455FH4A0702.jpg,NULL,NULL
874,6,~/uploads/thumbnail/144201895455FH4A0481.jpg,NULL,NULL
875,6,~/uploads/thumbnail/144201895456FH4A0455.jpg,NULL,NULL
876,6,~/uploads/thumbnail/144201895456FH4A0479.jpg,NULL,NULL
877,6,~/uploads/thumbnail/144201895456FH4A0736.jpg,NULL,NULL
878,6,~/uploads/thumbnail/144201895457FH4A0676.jpg,NULL,NULL
879,6,~/uploads/thumbnail/144201895457FH4A0823.jpg,NULL,NULL
880,6,~/uploads/thumbnail/144201895458FH4A1043.jpg,NULL,NULL
881,6,~/uploads/thumbnail/144201895458FH4A0845.jpg,NULL,NULL
882,6,~/uploads/thumbnail/144201895458FH4A0497.jpg,NULL,NULL
883,6,~/uploads/thumbnail/144201895458FH4A0472.jpg,NULL,NULL
884,6,~/uploads/thumbnail/144201895458FH4A0841.jpg,NULL,NULL
885,6,~/uploads/thumbnail/144201895458FH4A1062.jpg,NULL,NULL
886,6,~/uploads/thumbnail/144201895459thoanh.jpg,NULL,NULL
887,6,~/uploads/thumbnail/144201895459FH4A0587.jpg,NULL,NULL
888,6,~/uploads/thumbnail/14420189550FH4A0902.jpg,NULL,NULL
889,6,~/uploads/thumbnail/14420189550FH4A0477.jpg,NULL,NULL
890,6,~/uploads/thumbnail/14420189550FH4A1089.jpg,NULL,NULL
891,6,~/uploads/thumbnail/14420189550FH4A0948.jpg,NULL,NULL
892,6,~/uploads/thumbnail/14420189550FH4A0490.jpg,NULL,NULL
893,6,~/uploads/thumbnail/14420189551FH4A0911.jpg,NULL,NULL
894,6,~/uploads/thumbnail/14420189551thanh.jpg,NULL,NULL
895,6,~/uploads/thumbnail/14420189552FH4A0500.jpg,NULL,NULL
896,6,~/uploads/thumbnail/14420189552FH4A0745.jpg,NULL,NULL
897,6,~/uploads/thumbnail/14420189552FH4A1134.jpg,NULL,NULL
898,6,~/uploads/thumbnail/14420189553FH4A0853.jpg,NULL,NULL
899,6,~/uploads/thumbnail/14420189553FH4A1008.jpg,NULL,NULL
900,6,~/uploads/thumbnail/14420189553FH4A0875.jpg,NULL,NULL
901,6,~/uploads/thumbnail/14420189554FH4A0704.jpg,NULL,NULL
902,6,~/uploads/thumbnail/14420189554FH4A1024.jpg,NULL,NULL
903,6,~/uploads/thumbnail/14420189554FH4A0485.jpg,NULL,NULL
904,6,~/uploads/thumbnail/14420189555FH4A1166.jpg,NULL,NULL
905,6,~/uploads/thumbnail/14420189555FH4A1050.jpg,NULL,NULL
906,6,~/uploads/thumbnail/14420189555FH4A1102.jpg,NULL,NULL
907,6,~/uploads/thumbnail/14420189555FH4A0670.jpg,NULL,NULL
908,6,~/uploads/thumbnail/14420189555FH4A0883.jpg,NULL,NULL
909,6,~/uploads/thumbnail/14420189555FH4A0674.jpg,NULL,NULL
910,6,~/uploads/thumbnail/14420189556FH4A0601.jpg,NULL,NULL
911,6,~/uploads/thumbnail/14420189556FH4A0940.jpg,NULL,NULL
912,6,~/uploads/thumbnail/14420189556FH4A0463.jpg,NULL,NULL
913,6,~/uploads/thumbnail/14420189557FH4A0513.jpg,NULL,NULL
914,6,~/uploads/thumbnail/14420189558FH4A0744.jpg,NULL,NULL
915,6,~/uploads/thumbnail/14420189557FH4A0530.jpg,NULL,NULL
916,6,~/uploads/thumbnail/14420189557FH4A0685.jpg,NULL,NULL
917,6,~/uploads/thumbnail/14420189558FH4A0892.jpg,NULL,NULL
918,6,~/uploads/thumbnail/14420189557FH4A0590.jpg,NULL,NULL
919,6,~/uploads/thumbnail/14420189558FH4A0445.jpg,NULL,NULL
920,6,~/uploads/thumbnail/14420189558FH4A0673.jpg,NULL,NULL
921,6,~/uploads/thumbnail/14420189558FH4A0627.jpg,NULL,NULL
922,6,~/uploads/thumbnail/14420189559FH4A0467.jpg,NULL,NULL
923,6,~/uploads/thumbnail/14420189559FH4A0935.jpg,NULL,NULL
924,6,~/uploads/thumbnail/14420189559FH4A1151.jpg,NULL,NULL
925,6,~/uploads/thumbnail/144201895510FH4A0457.jpg,NULL,NULL
926,6,~/uploads/thumbnail/144201895510t.jpg,NULL,NULL
927,6,~/uploads/thumbnail/144201895510FH4A0539.jpg,NULL,NULL
928,6,~/uploads/thumbnail/144201895511FH4A0528.jpg,NULL,NULL
929,6,~/uploads/thumbnail/144201895511FH4A0691.jpg,NULL,NULL
930,6,~/uploads/thumbnail/144201895511FH4A0540.jpg,NULL,NULL
931,6,~/uploads/thumbnail/144201895510FH4A0825.jpg,NULL,NULL
932,6,~/uploads/thumbnail/144201895511FH4A0547.jpg,NULL,NULL
933,6,~/uploads/thumbnail/144201895512FH4A0475.jpg,NULL,NULL
934,6,~/uploads/thumbnail/144201895512FH4A1036.jpg,NULL,NULL
935,6,~/uploads/thumbnail/144201895512FH4A0548.jpg,NULL,NULL
936,6,~/uploads/thumbnail/144201895512FH4A0842.jpg,NULL,NULL
937,6,~/uploads/thumbnail/144201895512FH4A0487.jpg,NULL,NULL
938,6,~/uploads/thumbnail/144201895513FH4A0879.jpg,NULL,NULL
939,6,~/uploads/thumbnail/144201895513FH4A0496.jpg,NULL,NULL
940,6,~/uploads/thumbnail/144201895513FH4A0682.jpg,NULL,NULL
941,6,~/uploads/thumbnail/144201895513FH4A0492.jpg,NULL,NULL
942,6,~/uploads/thumbnail/144201895513FH4A1066.jpg,NULL,NULL
943,6,~/uploads/thumbnail/144201895514FH4A1029.jpg,NULL,NULL
944,6,~/uploads/thumbnail/144201895514FH4A0538.jpg,NULL,NULL
945,6,~/uploads/thumbnail/144201895515FH4A0900.jpg,NULL,NULL
946,6,~/uploads/thumbnail/144201895515FH4A0862.jpg,NULL,NULL
947,6,~/uploads/thumbnail/144201895516FH4A0526.jpg,NULL,NULL
948,6,~/uploads/thumbnail/144201895517FH4A0801.jpg,NULL,NULL
949,6,~/uploads/thumbnail/144201895519FH4A0537.jpg,NULL,NULL
950,6,~/uploads/thumbnail/144201895519FH4A0550.jpg,NULL,NULL
951,6,~/uploads/thumbnail/144201895519FH4A1015.jpg,NULL,NULL
952,6,~/uploads/thumbnail/144201895519FH4A1087.jpg,NULL,NULL
953,6,~/uploads/thumbnail/144201895520FH4A1149.jpg,NULL,NULL
954,6,~/uploads/thumbnail/144201895520FH4A0908.jpg,NULL,NULL
955,6,~/uploads/thumbnail/144201895520FH4A0473.jpg,NULL,NULL
956,6,~/uploads/thumbnail/144201895520FH4A0499.jpg,NULL,NULL
957,6,~/uploads/thumbnail/144201895521FH4A0836.jpg,NULL,NULL
958,6,~/uploads/thumbnail/144201895522FH4A0795.jpg,NULL,NULL
959,6,~/uploads/thumbnail/144201895522FH4A1162.jpg,NULL,NULL
960,6,~/uploads/thumbnail/144201895522FH4A0827.jpg,NULL,NULL
961,6,~/uploads/thumbnail/144201895522FH4A0741.jpg,NULL,NULL
962,6,~/uploads/thumbnail/144201895523FH4A0804.jpg,NULL,NULL
963,6,~/uploads/thumbnail/144201895523FH4A0874.jpg,NULL,NULL
964,6,~/uploads/thumbnail/144201895523FH4A0792.jpg,NULL,NULL
965,6,~/uploads/thumbnail/144201895524FH4A0482.jpg,NULL,NULL
966,6,~/uploads/thumbnail/144201895524FH4A0870.jpg,NULL,NULL
967,6,~/uploads/thumbnail/1442018204022mecon.png,NULL,NULL
